Tire_ID,age_category,check_point_zero
KH6427A,0-399,90.0
STX04,0-399,120.0
STX03,0-399,120.0
STO05,0-399,120.0
JH1819W,0-399,150.0
DC4467,0-399,150.0
JH1792W,0-399,150.0
0216HT24,0-399,150.0
JH1821W,0-399,150.0
JH1820W,0-399,150.0
DC4452,0-399,150.0
JH1794W,0-399,150.0
914RC19,0-399,180.0
KR9541,0-399,180.0
KR10472,0-399,180.0
AM299,0-399,180.0
KR8573,0-399,180.0
JH1811W,0-399,180.0
KR8578,0-399,180.0
KH6234W,0-399,180.0
0216HT31,0-399,180.0
JH1790W,0-399,180.0
KR9796,0-399,180.0
0416A104,0-399,180.0
KR10447,0-399,180.0
KR9521,0-399,180.0
KR9638,0-399,180.0
CT46,0-399,180.0
KRA8790,0-399,180.0
KR8841,0-399,180.0
0319KB202,0-399,180.0
AM339,0-399,180.0
JH1787W,0-399,180.0
AM627,0-399,210.0
AM626,0-399,210.0
AM622,0-399,210.0
AM621,0-399,210.0
AM340,0-399,210.0
KR8732,0-399,210.0
KR10378,0-399,210.0
AM363,0-399,210.0
AM378,0-399,210.0
KR8589,0-399,210.0
AM384,0-399,210.0
KR8785,0-399,210.0
MK6916,0-399,210.0
AM360,0-399,210.0
KR8819,0-399,210.0
CK216,0-399,210.0
DC4968C,0-399,210.0
DC4466,0-399,210.0
KR9561,0-399,210.0
KH5727A,0-399,210.0
CK202,0-399,210.0
KR10114,0-399,210.0
KR8811,0-399,210.0
AM664,0-399,210.0
AM650,0-399,210.0
AM649,0-399,210.0
KR8801,0-399,210.0
AM673,0-399,210.0
JH1815W,0-399,210.0
KR9790,0-399,210.0
DC4969C,0-399,210.0
KR10369,0-399,210.0
AM652,0-399,210.0
KR10118,0-399,210.0
0818KB09,0-399,210.0
KR8845,0-399,210.0
KR8847,0-399,210.0
JH1814W,0-399,210.0
KR8858,0-399,210.0
KR9045X,0-399,210.0
0714T41,0-399,210.0
JH1822W,0-399,210.0
KH6186W,0-399,210.0
MK1611A,0-399,210.0
JH1791W,0-399,210.0
KR10452,0-399,210.0
1216H03,0-399,210.0
MK1692A,0-399,210.0
KR8857,0-399,210.0
JH1809W,0-399,210.0
KR9538X,0-399,210.0
AM5030A,0-399,210.0
AM279,0-399,210.0
AM5167WB,0-399,210.0
AM620,0-399,210.0
KR8834,0-399,210.0
KR8826,0-399,210.0
KR10427,0-399,210.0
JM2274,0-399,210.0
914RC20,0-399,210.0
JH1804W,0-399,210.0
0416W01,0-399,210.0
JH1803W,0-399,210.0
JH1802W,0-399,210.0
0416C304,0-399,210.0
STX06,0-399,240.0
STX05,0-399,240.0
AM336,0-399,240.0
AM337,0-399,240.0
AM389,0-399,240.0
STX09,0-399,240.0
AM5000A,0-399,240.0
AM5013A,0-399,240.0
AM672,0-399,240.0
MK1612A,0-399,240.0
AM350,0-399,240.0
AM318,0-399,240.0
JH1785W,0-399,240.0
JH1812W,0-399,240.0
JM2306A,0-399,240.0
KH5619A,0-399,240.0
1214RC29,0-399,240.0
1214RC31,0-399,240.0
KH5311A,0-399,240.0
JH1813W,0-399,240.0
KR11339,0-399,240.0
JH1817W,0-399,240.0
CK200,0-399,240.0
MK1555A,0-399,240.0
AM5022A,0-399,240.0
KH5482A,0-399,240.0
GT230C,0-399,240.0
MK1747A,0-399,240.0
914RC15,0-399,240.0
KR9774,0-399,240.0
KH5739A,0-399,240.0
KR10087,0-399,240.0
0818KB06,0-399,240.0
0818KB03,0-399,240.0
KH6412A,0-399,240.0
KR9524,0-399,240.0
KR9109X,0-399,240.0
KH6506A,0-399,240.0
1214RC23,0-399,240.0
KR10092,0-399,240.0
KR9542,0-399,240.0
KR8777X,0-399,240.0
MK1743A,0-399,240.0
KR8791X,0-399,240.0
JH1786W,0-399,240.0
JH1805W,0-399,240.0
JH1806W,0-399,240.0
MK1621A,0-399,240.0
1214RC26,0-399,240.0
KR10444,0-399,240.0
1214RC24,0-399,240.0
KR9554,0-399,240.0
KR8587,0-399,240.0
JH1810W,0-399,240.0
KR8797,0-399,270.0
MK6484,0-399,270.0
MK6794,0-399,270.0
MK6793,0-399,270.0
MK6514,0-399,270.0
MK1483A,0-399,270.0
MK1704A,0-399,270.0
AM670,0-399,270.0
AM322,0-399,270.0
KR10831,0-399,270.0
GT299W,0-399,270.0
914RC01,0-399,270.0
KH6248W,0-399,270.0
0718KB02,0-399,270.0
MK6507,0-399,270.0
0718KB13,0-399,270.0
KR7992,0-399,270.0
0718KB15,0-399,270.0
KR10089,0-399,270.0
0519WC301,0-399,270.0
KR9071X,0-399,270.0
KR9523,0-399,270.0
KR9526,0-399,270.0
0316A101,0-399,270.0
KR8588,0-399,270.0
ST05W,0-399,270.0
KR9606,0-399,270.0
MK1643A,0-399,270.0
0518KB301,0-399,270.0
0714T53,0-399,270.0
MK1585A,0-399,270.0
KR8812,0-399,270.0
0215T04,0-399,270.0
KH6249W,0-399,270.0
KR10446,0-399,270.0
GT236C,0-399,270.0
GT232C,0-399,270.0
KR10375,0-399,270.0
KH6254W,0-399,270.0
AM381,0-399,270.0
AM369,0-399,270.0
KH6255W,0-399,270.0
KR10408,0-399,270.0
KH5579A,0-399,270.0
KH5705A,0-399,270.0
KR10443,0-399,270.0
KH5633A,0-399,270.0
KR10449,0-399,270.0
AM307,0-399,270.0
AM331,0-399,270.0
KH5629A,0-399,270.0
KH6496A,0-399,270.0
KH5325A,0-399,270.0
KR10817,0-399,270.0
GT237C,0-399,270.0
KH6196W,0-399,270.0
GT301W,0-399,270.0
914RC13,0-399,270.0
KH6251W,0-399,270.0
KH6252W,0-399,270.0
KH6250W,0-399,270.0
KH6505A,0-399,270.0
914RC04,0-399,270.0
914RC02,0-399,270.0
AM642,0-399,270.0
KH6253W,0-399,270.0
KH6454A,0-399,270.0
1214RC25,0-399,270.0
KH6260W,0-399,300.0
MK1589A,0-399,300.0
MK1714A,0-399,300.0
KR9553,0-399,300.0
MK6528,0-399,300.0
DC4480,0-399,300.0
DC4482,0-399,300.0
DC4479,0-399,300.0
DC4474,0-399,300.0
MK6800,0-399,300.0
JM2308A,0-399,300.0
CT245,0-399,300.0
MK6795,0-399,300.0
KR9551,0-399,300.0
KR10370,0-399,300.0
KR10448,0-399,300.0
0814T45,0-399,300.0
CK209,0-399,300.0
KR10388,0-399,300.0
KR9515,0-399,300.0
0814T53,0-399,300.0
KR10376,0-399,300.0
AM319,0-399,300.0
KR8818,0-399,300.0
KR10392,0-399,300.0
KR10116,0-399,300.0
0815A102,0-399,300.0
0814T40,0-399,300.0
KR8585,0-399,300.0
KR10414,0-399,300.0
0814T49,0-399,300.0
MK6803,0-399,300.0
CT249,0-399,300.0
CK125,0-399,300.0
MK6804,0-399,300.0
MK1491A,0-399,300.0
KR9626,0-399,300.0
JM2312A,0-399,300.0
JM2313A,0-399,300.0
0519WB201,0-399,300.0
JM2318A,0-399,300.0
JM2320A,0-399,300.0
0714T04,0-399,300.0
KH5294A,0-399,300.0
1214RC21,0-399,300.0
KH5489A,0-399,300.0
0518KB306,0-399,300.0
1214RC22,0-399,300.0
JM2314A,0-399,300.0
KR9628,0-399,300.0
KR11342,0-399,300.0
MK6807,0-399,300.0
0916C316,0-399,300.0
MK6808,0-399,300.0
AM271,0-399,300.0
AM282,0-399,300.0
AM285,0-399,300.0
0316A104,0-399,300.0
AM376,0-399,300.0
AM353,0-399,300.0
AM345,0-399,300.0
ST19W,0-399,300.0
STX15,0-399,300.0
MK1651A,0-399,300.0
MK6923,0-399,300.0
MK1409A,0-399,330.0
0815A106,0-399,330.0
KR10085,0-399,330.0
0519WA154,0-399,330.0
MK1444A,0-399,330.0
KH5837AW,0-399,330.0
KR8817,0-399,330.0
KR9777,0-399,330.0
MK6862,0-399,330.0
JM2310A,0-399,330.0
KR9631,0-399,330.0
0416W05,0-399,330.0
KR10371,0-399,330.0
0416W02,0-399,330.0
0718KB17,0-399,330.0
CT241,0-399,330.0
KH5815AW,0-399,330.0
JM2311A,0-399,330.0
KR9641,0-399,330.0
0416W06,0-399,330.0
KH5734A,0-399,330.0
CT240,0-399,330.0
MK1617A,0-399,330.0
KR9533,0-399,330.0
KR9575,0-399,330.0
KR8779,0-399,330.0
KR9581,0-399,330.0
KR9630,0-399,330.0
KR9585,0-399,330.0
KR9593,0-399,330.0
KR9607,0-399,330.0
MK1595A,0-399,330.0
0916C303,0-399,330.0
KR10373,0-399,330.0
MK1484A,0-399,330.0
KR8790,0-399,330.0
0916W03,0-399,330.0
KH6592W,0-399,330.0
MK1391A,0-399,330.0
0718KB19,0-399,330.0
MK6868,0-399,330.0
KR10485,0-399,330.0
MK6799,0-399,330.0
GT289W,0-399,330.0
MK1712A,0-399,330.0
GT295W,0-399,330.0
GT292W,0-399,330.0
GT290W,0-399,330.0
GT286W,0-399,330.0
MK6796,0-399,330.0
0319KB301,0-399,330.0
KR10407,0-399,330.0
MK1707A,0-399,330.0
KR8728,0-399,330.0
MK1703A,0-399,330.0
0416C301,0-399,330.0
KR10435,0-399,330.0
MK1674A,0-399,330.0
0814T41,0-399,330.0
STX20,0-399,330.0
GT297W,0-399,330.0
KR11324,0-399,330.0
KR7986,0-399,330.0
0316C304,0-399,330.0
MK6806,0-399,330.0
KR10524,0-399,330.0
MK6811,0-399,330.0
KR10564,0-399,330.0
MK6867,0-399,330.0
DC4468,0-399,330.0
MK6812,0-399,330.0
KR10577,0-399,330.0
KR11209,0-399,330.0
AM375,0-399,330.0
MK6932,0-399,330.0
MK7049A,0-399,330.0
KR11222,0-399,330.0
ST13W,0-399,330.0
KR8575,0-399,330.0
KR11306,0-399,330.0
DC4460,0-399,360.0
MK6459,0-399,360.0
XST08,0-399,360.0
0814T60,0-399,360.0
1214RC28,0-399,360.0
0818KB19,0-399,360.0
0718KB05,0-399,360.0
KR10401,0-399,360.0
0718KB01,0-399,360.0
0815C302,0-399,360.0
XST07,0-399,360.0
CT248,0-399,360.0
MK1452A,0-399,360.0
KR10413,0-399,360.0
MK1446A,0-399,360.0
DC4471,0-399,360.0
MK1415A,0-399,360.0
DC4453,0-399,360.0
KR7984,0-399,360.0
MK6801,0-399,360.0
CT246,0-399,360.0
KH6601W,0-399,360.0
0815C301,0-399,360.0
KR10112,0-399,360.0
0814T26,0-399,360.0
0814T39,0-399,360.0
0814T27,0-399,360.0
1215W08,0-399,360.0
0718KB08,0-399,360.0
AM149,0-399,360.0
0814T21,0-399,360.0
0416A101,0-399,360.0
0814T23,0-399,360.0
MK1624A,0-399,360.0
0416A103,0-399,360.0
0814T50,0-399,360.0
0718KB20,0-399,360.0
0416A102,0-399,360.0
0718KB07,0-399,360.0
0916W01,0-399,360.0
AM162,0-399,360.0
0916W02,0-399,360.0
0815C305,0-399,360.0
0818KB07,0-399,360.0
0518KB204,0-399,360.0
0714T45,0-399,360.0
0814T17,0-399,360.0
0316C303,0-399,360.0
0519WB202,0-399,360.0
0518KB202,0-399,360.0
1215W02,0-399,360.0
1215A104,0-399,360.0
MK6802,0-399,360.0
MK1721A,0-399,360.0
KR8860,0-399,360.0
KR9632,0-399,360.0
MK6871,0-399,360.0
KR7990,0-399,360.0
MK6872,0-399,360.0
MK6918,0-399,360.0
MK7060A,0-399,360.0
MK7059A,0-399,360.0
KR11212,0-399,360.0
AM387,0-399,360.0
MK6922,0-399,360.0
KR11134,0-399,360.0
MK6870,0-399,360.0
MK6925,0-399,360.0
KR11286,0-399,360.0
ST12W,0-399,360.0
AM334,0-399,360.0
KH6406SEN,0-399,360.0
MK6864,0-399,360.0
KH5825AW,0-399,360.0
KR10540,0-399,360.0
MK6856,0-399,360.0
MK6810,0-399,360.0
KR10561,0-399,360.0
KR10543,0-399,360.0
KH6595W,0-399,360.0
KH5841AW,0-399,360.0
MK7052A,0-399,360.0
KR9501,0-399,360.0
MK6865,0-399,360.0
KR10396,0-399,360.0
MK1456A,0-399,360.0
MK6805,0-399,360.0
KR10379,0-399,360.0
MK1702A,0-399,360.0
MK1600A,0-399,360.0
KR10382,0-399,360.0
MK1710A,0-399,360.0
MK1713A,0-399,360.0
MK1576A,0-399,360.0
MK1601A,0-399,360.0
MK1479A,0-399,360.0
GT431,0-399,360.0
GT427,0-399,360.0
GT425,0-399,360.0
MK6458,0-399,360.0
MK1533A,0-399,360.0
KH6399SEN,0-399,360.0
MK1407A,0-399,360.0
MK6488,0-399,360.0
MK6500,0-399,360.0
KR9788,0-399,360.0
GT435,0-399,360.0
KH5574A,0-399,390.0
KR8806,0-399,390.0
KR9634,0-399,390.0
KH5321A,0-399,390.0
0818KB08,0-399,390.0
KR11284,0-399,390.0
MK1451A,0-399,390.0
KR11287,0-399,390.0
AM668,0-399,390.0
MK1505A,0-399,390.0
MK6854,0-399,390.0
0818KB13,0-399,390.0
KR11283,0-399,390.0
KR9107X,0-399,390.0
0916C312,0-399,390.0
KR8836,0-399,390.0
KR9549,0-399,390.0
KR10575,0-399,390.0
0714T24,0-399,390.0
KH5577A,0-399,390.0
0818KB04,0-399,390.0
JH1816W,0-399,390.0
KH5820AW,0-399,390.0
KH5856AW,0-399,390.0
KR11289,0-399,390.0
STX19,0-399,390.0
KH6593W,0-399,390.0
KR10380,0-399,390.0
MK7056A,0-399,390.0
KR10458,0-399,390.0
MK6863,0-399,390.0
MK6797,0-399,390.0
MK6798,0-399,390.0
MK1442A,0-399,390.0
AM5050AA,0-399,390.0
MK1433A,0-399,390.0
KR9805,0-399,390.0
MK1750A,0-399,390.0
KR10481,0-399,390.0
0814T24,0-399,390.0
MK6866,0-399,390.0
MK6859,0-399,390.0
MK1419A,0-399,390.0
MK6857,0-399,390.0
JH1800W,0-399,390.0
MK6855,0-399,390.0
MK6869,0-399,390.0
AM661,0-399,390.0
AM663,0-399,390.0
MK1514A,0-399,390.0
AM630,0-399,390.0
AM631,0-399,390.0
DC4475,0-399,390.0
0814T34,0-399,390.0
MK1594A,0-399,390.0
MK1645A,0-399,390.0
KR10406,0-399,390.0
0416C303,0-399,390.0
AM655,0-399,390.0
MK1768A,0-399,390.0
MK6506,0-399,390.0
KH5485A,0-399,420.0
KH5319A,0-399,420.0
MK1457A,0-399,420.0
KH5322A,0-399,420.0
MK1453A,0-399,420.0
KH5320A,0-399,420.0
KH5318A,0-399,420.0
GT284W,0-399,420.0
MK1447A,0-399,420.0
KR10590,0-399,420.0
KR9522,0-399,420.0
KR10588,0-399,420.0
KR9534,0-399,420.0
KH5575A,0-399,420.0
MK1450A,0-399,420.0
JM2316A,0-399,420.0
MK6858,0-399,420.0
KR11290,0-399,420.0
MK6853,0-399,420.0
0216HT32,0-399,420.0
AM662,0-399,420.0
MK1500A,0-399,420.0
MK6457,0-399,420.0
KH6602W,0-399,420.0
AM656,0-399,420.0
MK6489,0-399,420.0
KR11285,0-399,420.0
0814T51,0-399,420.0
MK6928,0-399,420.0
MK6492,0-399,420.0
AM635,0-399,420.0
MK6926,0-399,420.0
AM634,0-399,420.0
GT294W,0-399,420.0
0814T25,0-399,420.0
GT432,400-799,420.0
KR10523,0-399,420.0
0718KB11,400-799,420.0
AM155,0-399,420.0
MK1628A,0-399,420.0
KH5816AW,0-399,420.0
0718KB10,400-799,420.0
0814T28,0-399,420.0
MK1630A,0-399,420.0
KR8734,0-399,420.0
AM163,0-399,420.0
GT298W,400-799,420.0
DC4495,400-799,420.0
KR8835,0-399,420.0
KH5846AW,0-399,420.0
MK1523A,0-399,420.0
KH6245W,400-799,420.0
KR11157,0-399,420.0
0814T01,0-399,420.0
0718KB14,0-399,420.0
0916C314,0-399,420.0
KR9591,0-399,420.0
0714T16,0-399,420.0
GT440,400-799,420.0
0818KB02,0-399,420.0
KH6411SEN,0-399,420.0
JH1795W,0-399,420.0
0714T15,0-399,420.0
JH1823W,0-399,420.0
0714T10,0-399,420.0
KH5576A,0-399,420.0
MK1469A,0-399,420.0
CT243,0-399,420.0
0814T38,0-399,420.0
JH1799W,0-399,420.0
MK1649A,400-799,420.0
KR11288,400-799,450.0
0718KB18,0-399,450.0
KH6600W,400-799,450.0
KH5823AW,0-399,450.0
MK7054A,400-799,450.0
KR11210,400-799,450.0
0814T48,0-399,450.0
MK7051A,400-799,450.0
KH5704A,0-399,450.0
0319KB305,400-799,450.0
MK6486,0-399,450.0
KH5316A,0-399,450.0
0714T50,0-399,450.0
0814T37,0-399,450.0
ST01X,400-799,450.0
MK6481,0-399,450.0
KR10423,0-399,450.0
KR8955,400-799,450.0
MK6505,0-399,450.0
KH5317A,0-399,450.0
CT242,400-799,450.0
KR8911X,400-799,450.0
0714T09,0-399,450.0
MK6487,0-399,450.0
0814T22,0-399,450.0
ST02X,0-399,450.0
MK6917,400-799,450.0
0714T19,0-399,450.0
KR10436,0-399,450.0
0714T20,0-399,450.0
0714T23,0-399,450.0
0714T18,0-399,450.0
JH1824W,0-399,450.0
0714T14,0-399,450.0
0814T33,0-399,450.0
0714T13,0-399,450.0
GT300W,400-799,450.0
0714T11,0-399,450.0
0814T47,0-399,450.0
MK6860,400-799,450.0
MK6809,400-799,450.0
JH1801W,0-399,450.0
JH1798W,0-399,450.0
0216HT25,400-799,450.0
0714T12,0-399,450.0
0814T52,0-399,450.0
KR9804,400-799,450.0
MK1544A,400-799,450.0
MK1422A,400-799,450.0
MK6861,400-799,450.0
KR10530,0-399,450.0
KR8824,400-799,480.0
MK6931,400-799,480.0
KR10111,400-799,480.0
KH5323A,0-399,480.0
JM2263,400-799,480.0
KR10389,400-799,480.0
MK1740A,0-399,480.0
AM145,0-399,480.0
AM148,400-799,480.0
KR10433,400-799,480.0
DC4459,400-799,480.0
MK1598A,400-799,480.0
AM156,0-399,480.0
AM151,400-799,480.0
KR9604,400-799,480.0
AM143,400-799,480.0
0818KB14,400-799,480.0
0718KB16,400-799,480.0
0818KB15,400-799,480.0
GT293W,400-799,480.0
GT291W,400-799,480.0
KR9539,400-799,480.0
MK7058A,400-799,480.0
KR11702,400-799,480.0
KR11202,400-799,480.0
KR11204,400-799,480.0
GT288W,400-799,480.0
AM5049A,400-799,480.0
KH5814AW,400-799,480.0
0714T05,0-399,480.0
0718KB09,400-799,480.0
1214RC27,400-799,480.0
MK6914,400-799,480.0
1214T13,400-799,480.0
JM2259,400-799,510.0
MK1723A,400-799,510.0
KR9067X,400-799,510.0
CK226,400-799,510.0
GT302W,400-799,510.0
0216HT30,400-799,510.0
KH5850AW,400-799,510.0
AM5163WA,400-799,510.0
0216HT28,400-799,510.0
JM2258,400-799,510.0
KR9108X,400-799,510.0
DC4962C,400-799,510.0
KH6247W,400-799,510.0
MK6930,400-799,510.0
KRA8793,400-799,510.0
0416W04,400-799,510.0
0216HT07,400-799,510.0
KR8786,400-799,510.0
AM164,0-399,510.0
MK6924,400-799,510.0
AM5046A,400-799,510.0
AM639,400-799,510.0
0718KB03,400-799,510.0
AM5047A,400-799,510.0
KR11690,400-799,510.0
KR9827,400-799,540.0
KH6442A,400-799,540.0
KR11242,400-799,540.0
AM5175WC,400-799,540.0
KR9070X,400-799,540.0
KR10825,400-799,540.0
KR9807,400-799,540.0
MK1418A,400-799,540.0
KR9533X,400-799,540.0
MK1571A,400-799,540.0
KR9555,400-799,540.0
MK6927,400-799,540.0
MK1574A,400-799,540.0
CK219,400-799,540.0
0815W02,400-799,540.0
AM5046AA,400-799,540.0
AM5007A,400-799,540.0
KR8580,400-799,540.0
0319KB302,400-799,540.0
0215T02,400-799,540.0
ST17W,400-799,540.0
STX17,400-799,540.0
MK6929,400-799,540.0
1216H07,400-799,540.0
0818KB17,400-799,540.0
KR8794,400-799,540.0
1214T14,400-799,540.0
KR8786X,400-799,540.0
STX13,400-799,540.0
KH6605W,400-799,540.0
MK6921,400-799,540.0
AM629,400-799,540.0
KR11516,400-799,570.0
KR11207,400-799,570.0
KR10456,400-799,570.0
KH5857AW,400-799,570.0
0518KB103,400-799,570.0
KR10453,400-799,570.0
GT428,400-799,570.0
AM280,400-799,570.0
914RC17,400-799,570.0
KH5821AW,400-799,570.0
GT424,400-799,570.0
KR10486,400-799,570.0
GT215B,400-799,570.0
KH5740A,400-799,570.0
0316W04X,400-799,570.0
0916C305,400-799,570.0
KR7982,400-799,570.0
GT433,400-799,570.0
KR10377,400-799,570.0
KR10450,400-799,570.0
KR11056,400-799,570.0
1216H01,400-799,570.0
KR10390,400-799,570.0
0316W05X,400-799,570.0
KR11264,400-799,570.0
KH6188W,400-799,570.0
DC4477,400-799,570.0
MK1604A,400-799,570.0
0518KB01,400-799,570.0
MK1705A,400-799,570.0
GT439,400-799,570.0
0718KB12,400-799,570.0
KH5743A,400-799,570.0
KH5830AW,400-799,570.0
KR8780,400-799,570.0
KR10584,400-799,570.0
JM2264,400-799,570.0
0319KB103,400-799,570.0
0714T43,400-799,570.0
JM2262,400-799,570.0
JM2261,400-799,570.0
0818KB20,400-799,570.0
KR8809,400-799,570.0
KR8801X,400-799,570.0
KR10425,400-799,570.0
KR9043X,400-799,570.0
AM373,400-799,570.0
MK1657A,400-799,570.0
GT437,400-799,570.0
KR10093,400-799,570.0
JM2267,400-799,570.0
KH6404SEN,400-799,570.0
ST14W,400-799,570.0
KR9048X,400-799,570.0
0216HT04,400-799,570.0
0818KB10,400-799,570.0
KR10595,400-799,570.0
KR9587,400-799,570.0
0818KB16,400-799,570.0
0216HT06,400-799,570.0
KR9525,400-799,570.0
KR9538,400-799,570.0
KR8837,400-799,570.0
0216HT05,400-799,570.0
KR8787,400-799,570.0
AM154,400-799,570.0
KR10097,400-799,570.0
MK1656A,400-799,570.0
KR9794,400-799,600.0
AM136,400-799,600.0
JM2266,400-799,600.0
JM2268,400-799,600.0
JM2269,400-799,600.0
GT303W,400-799,600.0
JM2265,400-799,600.0
KR9801,400-799,600.0
KR9547,400-799,600.0
GT296W,400-799,600.0
0518KB02,400-799,600.0
JM2305WW,400-799,600.0
AM391,400-799,600.0
KR9809,400-799,600.0
KR9545,400-799,600.0
0419T03,400-799,600.0
KH6189W,400-799,600.0
KH6407SEN,400-799,600.0
MK1608A,400-799,600.0
0319KB104,400-799,600.0
AM5025A,400-799,600.0
KR10471,400-799,600.0
MK1543A,400-799,600.0
AM374,400-799,600.0
0519WA153,400-799,600.0
KR10569,400-799,600.0
KR10461,400-799,600.0
MK6523,400-799,600.0
MK1634A,400-799,600.0
AM293,400-799,600.0
AM139,400-799,600.0
0519WA151,400-799,600.0
KR10812,400-799,600.0
KR10109,400-799,600.0
KR9106X,400-799,600.0
AM5018A,400-799,600.0
0216HT29,400-799,600.0
CT50,400-799,600.0
KR10374,400-799,600.0
MK1593A,400-799,600.0
AM5010A,400-799,600.0
KR10113,400-799,600.0
JM2304WW,400-799,600.0
KR10847,400-799,600.0
KR10833,400-799,600.0
KR8863,400-799,600.0
MK1644A,400-799,600.0
KR11052,400-799,600.0
KR8778X,400-799,600.0
STX10,400-799,600.0
KR10822,400-799,600.0
KR8859,400-799,600.0
KR11695,400-799,600.0
KR11504,400-799,600.0
KR11059,400-799,600.0
0216HT01,400-799,600.0
KR10832,400-799,600.0
KR11505,400-799,600.0
KR11257,400-799,600.0
KH6223W,400-799,600.0
MK1693A,400-799,600.0
MK6549,400-799,600.0
KR8850,400-799,600.0
KH5842AW,400-799,600.0
KR10826,400-799,600.0
STX16,400-799,600.0
0216HT08,400-799,600.0
MK1684A,400-799,600.0
KH6224W,400-799,600.0
0319KB203,400-799,600.0
KR7989,400-799,600.0
KH5827AW,400-799,600.0
XST06,400-799,600.0
KH6229W,400-799,600.0
KR10842,400-799,600.0
KH5586A,400-799,600.0
KR10850,400-799,600.0
KR10834,400-799,600.0
CK128,400-799,600.0
KR8803,400-799,600.0
KH5819AW,400-799,600.0
KH5818AW,400-799,600.0
MK1700A,400-799,600.0
KH5745A,400-799,600.0
ST18W,400-799,600.0
CK229,400-799,630.0
KR10816,400-799,630.0
CK227,400-799,630.0
AM291,400-799,630.0
KH6405SEN,400-799,630.0
KR8799X,400-799,630.0
KH6239W,400-799,630.0
KH6237W,400-799,630.0
KH5479A,400-799,630.0
KH6401SEN,400-799,630.0
KH5308A,400-799,630.0
KR9565,400-799,630.0
KR10104,400-799,630.0
KR8851,400-799,630.0
MK6542,400-799,630.0
0714T42,400-799,630.0
KR11055,400-799,630.0
AM370,400-799,630.0
KR10098,400-799,630.0
KR9517,400-799,630.0
0714T38,400-799,630.0
STX11,400-799,630.0
0814T36,400-799,630.0
MK6919,400-799,630.0
KR9590,400-799,630.0
MK1606A,400-799,630.0
0714T37,400-799,630.0
KR10536,400-799,630.0
AM393,400-799,630.0
JM2280,400-799,630.0
KR8795X,400-799,630.0
MK6509,400-799,630.0
KR9599,400-799,630.0
KR8791,400-799,630.0
MK1689A,400-799,630.0
STO04,400-799,630.0
KR11066,400-799,630.0
0419T01,400-799,630.0
STX01,400-799,630.0
MK1690A,400-799,630.0
0419T02,400-799,630.0
KR9629,400-799,630.0
STX07,400-799,630.0
1215W01,400-799,630.0
KR8738,400-799,630.0
1215W03,400-799,630.0
KR10813,400-799,630.0
AM284,400-799,630.0
KR10563,400-799,630.0
AM290,400-799,630.0
KR10811,400-799,630.0
0216HT12,400-799,630.0
KH6225W,400-799,630.0
KR9813,400-799,630.0
KR9816,400-799,630.0
KR11220,400-799,630.0
0216HT27,400-799,630.0
MK6517,400-799,630.0
KH6206W,400-799,630.0
MK6516,400-799,630.0
KR9773,400-799,630.0
KH6233W,400-799,630.0
CK124,400-799,630.0
AM303,400-799,630.0
KH6230W,400-799,630.0
914RC05,400-799,630.0
KR9791,400-799,630.0
AM328,400-799,630.0
CK129,400-799,630.0
0216HT26,400-799,630.0
KR10526,400-799,630.0
KH6207W,400-799,630.0
MK6532,400-799,630.0
0714T33,400-799,630.0
KR8582,400-799,630.0
KR7987,400-799,630.0
MK1587A,400-799,630.0
KR11347,400-799,630.0
KH5835AW,400-799,630.0
KR10835,400-799,630.0
KR9537X,400-799,630.0
KH5589A,400-799,630.0
KR9539X,400-799,630.0
KH6203W,400-799,630.0
KH6236W,400-799,630.0
KH5472A,400-799,630.0
KH5832AW,400-799,630.0
KH6226W,400-799,630.0
KH6204W,400-799,630.0
1214T08,400-799,630.0
KR11258,400-799,630.0
0419T06,400-799,630.0
KR8576,400-799,630.0
KR9808,400-799,630.0
AM321,400-799,630.0
KH6227W,400-799,630.0
KH6184W,400-799,630.0
MK1527A,400-799,630.0
MK1759A,400-799,630.0
KR9803,400-799,630.0
0815W06,400-799,630.0
AM323,400-799,630.0
STX24,400-799,660.0
KR8915X,400-799,660.0
AM317,400-799,660.0
KR8590,400-799,660.0
MK1670A,400-799,660.0
AM281,400-799,660.0
GT287W,400-799,660.0
KR9576,400-799,660.0
KR11262,400-799,660.0
KR9597,400-799,660.0
MK1455A,400-799,660.0
MK1472A,400-799,660.0
KR11294,400-799,660.0
KR9574,400-799,660.0
KR9639,400-799,660.0
KR11332,400-799,660.0
ST04W,400-799,660.0
0216HT02,400-799,660.0
KR9567,400-799,660.0
0216HT17,400-799,660.0
KR8584,400-799,660.0
0216HT10,400-799,660.0
KR9782,400-799,660.0
KR8572,400-799,660.0
AM341,400-799,660.0
AM292,400-799,660.0
KR11511,400-799,660.0
KR11510,400-799,660.0
AM371,400-799,660.0
AM367,400-799,660.0
AM361,400-799,660.0
ST16W,400-799,660.0
AM294,400-799,660.0
MK1526A,400-799,660.0
KR8852,400-799,660.0
CT52,400-799,660.0
KH6586W,400-799,660.0
KR11259,400-799,660.0
KH6228W,400-799,660.0
KH6604W,400-799,660.0
KR10101,400-799,660.0
KR10107,400-799,660.0
KR11263,400-799,660.0
0815A101,400-799,660.0
KR10434,400-799,660.0
KR10464,400-799,660.0
KR10474,400-799,660.0
KR10531,400-799,660.0
0215T01,400-799,660.0
KR9507,400-799,660.0
KR10394,400-799,660.0
AM5023A,400-799,660.0
KR10103,400-799,660.0
KR8735,400-799,660.0
1214T02,400-799,660.0
KR8856,400-799,660.0
KR8729,400-799,660.0
MK1619A,400-799,660.0
0714T49,400-799,660.0
MK1620A,400-799,660.0
MK6535,400-799,660.0
MK1622A,400-799,660.0
CT244,400-799,660.0
MK1638A,400-799,660.0
CK221,400-799,660.0
KR8796,400-799,660.0
KR9775,400-799,660.0
AM666,400-799,660.0
KR9504,400-799,660.0
KR8574,400-799,690.0
KR8810,400-799,690.0
KR11692,400-799,690.0
0916C310,400-799,690.0
KR11208,400-799,690.0
KR7981,400-799,690.0
KR8581,400-799,690.0
KR8781X,400-799,690.0
KH5719A,400-799,690.0
KH5717A,400-799,690.0
KR8737,400-799,690.0
KR8779X,400-799,690.0
KR8780X,400-799,690.0
0718KB04,400-799,690.0
KR11344,400-799,690.0
0714T34,400-799,690.0
KR11213,400-799,690.0
KR9506,400-799,690.0
KR11216,400-799,690.0
KR8797X,400-799,690.0
KR9104X,400-799,690.0
KR9536,400-799,690.0
KR10578,400-799,690.0
1214T15,400-799,690.0
KR9588,400-799,690.0
KR9771,400-799,690.0
KR11214,400-799,690.0
KR10837,400-799,690.0
KR8813,400-799,690.0
KR7991,400-799,690.0
KH6191W,400-799,690.0
KH6190W,400-799,690.0
KR11301,400-799,690.0
KR11321,400-799,690.0
KR11322,400-799,690.0
KR9568,400-799,690.0
KR8805,400-799,690.0
KH5721A,400-799,690.0
KR9605X,400-799,690.0
AM147,400-799,690.0
MK1427A,400-799,690.0
KR9795,400-799,690.0
GT426,400-799,690.0
0316C302,400-799,690.0
KR9814,400-799,690.0
MK6913,400-799,690.0
KR10411,400-799,690.0
MK1588A,400-799,690.0
STX23,400-799,690.0
AM338,400-799,690.0
AM636,400-799,690.0
MK1473A,400-799,690.0
MK6920,400-799,690.0
0216HT03,400-799,690.0
KR8783X,400-799,690.0
KH6594W,400-799,690.0
CK220,400-799,690.0
0216HT20,400-799,690.0
MK1635A,400-799,690.0
MK1636A,400-799,690.0
CK204,400-799,690.0
AM5020A,400-799,690.0
0814T29,400-799,690.0
0814T30,400-799,690.0
ST10W,400-799,690.0
KR10445,400-799,690.0
ST09W,400-799,690.0
KR10393,400-799,690.0
KR10442,400-799,690.0
STX02,400-799,690.0
MK1671A,400-799,690.0
CK217,400-799,690.0
KR10410,400-799,690.0
CK207,400-799,690.0
CT247,400-799,690.0
AM377,400-799,690.0
KH6455A,400-799,720.0
KR11238,400-799,720.0
KR9792,400-799,720.0
KR8794X,400-799,720.0
MK1556A,400-799,720.0
KR10429,400-799,720.0
KR10593,400-799,720.0
KR11162,400-799,720.0
KH6194W,400-799,720.0
KR8583,400-799,720.0
KR8839,400-799,720.0
KH6218W,400-799,720.0
KH6425A,400-799,720.0
AM645,400-799,720.0
AM5019A,400-799,720.0
1214T01,400-799,720.0
AM144,400-799,720.0
KH6409SEN,400-799,720.0
AM278,400-799,720.0
AM330,400-799,720.0
KH5592A,400-799,720.0
KH5590A,400-799,720.0
KH6426A,400-799,720.0
KH5593A,400-799,720.0
KR11129,400-799,720.0
1214T03,400-799,720.0
KR8591,400-799,720.0
CK126,400-799,720.0
KR8787X,400-799,720.0
KR8731,400-799,720.0
KR11345,400-799,720.0
KR10099,400-799,720.0
KR8825,400-799,720.0
KR8800X,400-799,720.0
KR9594,400-799,720.0
MK1398A,400-799,720.0
KR11215,400-799,720.0
KR9815,400-799,720.0
KR11218,400-799,720.0
KR11343,400-799,720.0
KR9637,400-799,720.0
0714T52,400-799,720.0
KR9800,400-799,720.0
KR9770,400-799,720.0
0714T56,400-799,720.0
KR11205,400-799,720.0
KR10397,400-799,720.0
KR11346,400-799,720.0
KR9543,400-799,720.0
KR10828,400-799,720.0
KR8855,400-799,720.0
KR8916X,400-799,720.0
0814T31,400-799,720.0
0714T03,400-799,720.0
KR9640,400-799,720.0
KR8828,400-799,750.0
KR11688,400-799,750.0
KR9535X,400-799,750.0
KH6431A,400-799,750.0
KR9069X,400-799,750.0
KR8846,400-799,750.0
KR9072X,400-799,750.0
KH5588A,400-799,750.0
KR9066X,400-799,750.0
STX08,400-799,750.0
ST15W,400-799,750.0
KR9548,400-799,750.0
KR8789X,400-799,750.0
KH5847AW,400-799,750.0
AM362,400-799,750.0
STX18,400-799,750.0
KR9562,400-799,750.0
MK6915,400-799,750.0
STX21,400-799,750.0
KH6503A,400-799,750.0
STX22,400-799,750.0
KR9785,400-799,750.0
KR11515,400-799,750.0
KH6211W,400-799,750.0
KH5476A,400-799,750.0
KR10417,400-799,750.0
KR10541,400-799,750.0
KR11292,400-799,750.0
KH6193W,400-799,750.0
KR11219,400-799,750.0
KR9603X,400-799,750.0
KR11260,400-799,750.0
KH6208W,400-799,750.0
KH6209W,400-799,750.0
KR11320,400-799,750.0
KH6210W,400-799,750.0
JM2273,400-799,750.0
KR11268,400-799,750.0
KR11160,400-799,750.0
KH6408SEN,400-799,750.0
KR10487,400-799,750.0
0419T04,400-799,750.0
KR10399,400-799,750.0
KR10597,400-799,750.0
0419T05,400-799,750.0
MK1673A,400-799,750.0
KR11133,400-799,750.0
KH6418A,400-799,750.0
KH6220W,400-799,750.0
KH6262W,400-799,750.0
KR8730,400-799,780.0
KR9105X,400-799,780.0
KR9828,400-799,780.0
KR11061,400-799,780.0
KR11161,400-799,780.0
KH6221W,400-799,780.0
KH5309A,400-799,780.0
MK1568A,400-799,780.0
KR8577,400-799,780.0
0714T40,400-799,780.0
KR11237X,400-799,780.0
KR7983,400-799,780.0
KH6205W,400-799,780.0
MK1454A,400-799,780.0
KH6215W,400-799,780.0
KR9569,400-799,780.0
AM5027A,400-799,780.0
KR10596,400-799,780.0
KH6199W,400-799,780.0
MK1724A,400-799,780.0
MK1767A,400-799,780.0
AM5029A,400-799,780.0
CK203,400-799,780.0
0319KB03,400-799,780.0
KR10820,400-799,780.0
KR10115,400-799,780.0
0316W06X,400-799,780.0
MK7055A,400-799,780.0
KR10400,400-799,780.0
KR11053,400-799,780.0
KR9600,400-799,780.0
KR7985,400-799,780.0
STX12,400-799,780.0
MK1676A,400-799,780.0
KR10579,400-799,780.0
KR9784,400-799,780.0
KR9540,400-799,780.0
AM142,400-799,780.0
KR8861,400-799,780.0
KH5483A,400-799,780.0
KH5632A,400-799,780.0
MK1582A,400-799,780.0
MK1584A,400-799,780.0
KR9570,400-799,780.0
KR8792X,400-799,780.0
KR10538,400-799,780.0
KH6410SEN,400-799,780.0
MK1570A,400-799,780.0
MK1626A,400-799,780.0
KR10521,400-799,780.0
CK222,400-799,780.0
CT48,400-799,780.0
MK1660A,400-799,780.0
CK218,400-799,780.0
KR9636,400-799,780.0
KR9624,400-799,780.0
KR11302,400-799,780.0
1214T10,400-799,780.0
1214T12,400-799,780.0
KR9589,400-799,780.0
KH6185W,400-799,780.0
KH6393SEN,400-799,780.0
MK1487A,400-799,780.0
CT45,400-799,780.0
MK1618A,400-799,780.0
KR10466,400-799,780.0
CK213,400-799,780.0
KR9572,400-799,780.0
ST03X,400-799,810.0
KH5581A,400-799,810.0
KR8867,400-799,810.0
KR10454,400-799,810.0
CK223,400-799,810.0
CK212,400-799,810.0
CK225,400-799,810.0
KR10459,400-799,810.0
KR10457,400-799,810.0
KR8793,400-799,810.0
KR11065,400-799,810.0
AM286,400-799,810.0
0714T32,400-799,810.0
KR9787,400-799,810.0
KH5477A,400-799,810.0
KR8802,400-799,810.0
AM295,400-799,810.0
KH5725A,400-799,810.0
KH6195W,400-799,810.0
KR8816,400-799,810.0
CK214,400-799,810.0
0215T03,400-799,810.0
KR8778,400-799,810.0
KR9513,400-799,810.0
KR8788,400-799,810.0
KR8802X,400-799,810.0
KR9511,400-799,810.0
MK1650A,400-799,810.0
KR9530X,400-799,810.0
KH5744A,400-799,810.0
KR8579,400-799,810.0
KH5627A,400-799,810.0
KH5626A,400-799,810.0
AM153,400-799,810.0
MK1420A,400-799,810.0
KR11267,400-799,810.0
KH6197W,400-799,810.0
KR10567,400-799,810.0
KR10409,400-799,810.0
0216HT13,400-799,810.0
1214T09,400-799,810.0
KR9820,400-799,810.0
0216HT22,400-799,810.0
KR11335,400-799,810.0
KR9582,400-799,810.0
KR10398,400-799,810.0
KR11291,400-799,810.0
KR9595,400-799,810.0
0316W02X,400-799,810.0
0815W07,400-799,810.0
KR11299,400-799,810.0
MK1410A,400-799,810.0
KR9592,400-799,810.0
KR11293,400-799,810.0
MK1532A,400-799,810.0
0814T20,400-799,810.0
GT223B,400-799,810.0
KH6198W,400-799,810.0
KH6200W,400-799,810.0
KH6259W,400-799,810.0
KH6201W,400-799,810.0
0814T32,400-799,810.0
KR10845,400-799,810.0
KH6257W,400-799,810.0
KR10849,400-799,810.0
KH6214W,400-799,810.0
KR9829,400-799,810.0
KR9806,400-799,810.0
KR9810,400-799,810.0
MK6511,400-799,810.0
KR11159,400-799,810.0
KH6256W,400-799,810.0
KR8865,400-799,840.0
KH6439A,400-799,840.0
MK1421A,400-799,840.0
KR10391,400-799,840.0
KR10823,400-799,840.0
CK205,400-799,840.0
KH6475A,400-799,840.0
1214T16,400-799,840.0
KR9783,400-799,840.0
KR10110,400-799,840.0
1215A107,400-799,840.0
KR11297,400-799,840.0
JM2271,400-799,840.0
KR9046X,400-799,840.0
KR10437,400-799,840.0
KH5710A,400-799,840.0
MK1534A,400-799,840.0
KR10451,400-799,840.0
CK215,400-799,840.0
KH6481A,400-799,840.0
KH6451A,400-799,840.0
MK1637A,400-799,840.0
KR10527,400-799,840.0
KH6465A,400-799,840.0
KR10583,800-1199,840.0
MK1711A,400-799,840.0
KR10594,800-1199,840.0
MK1546A,400-799,840.0
KR10591,400-799,840.0
KH6429A,400-799,840.0
0319KB306,400-799,840.0
AM140,400-799,840.0
KR9823,400-799,840.0
KR10432,400-799,840.0
KR10463,400-799,840.0
KH5726A,400-799,840.0
KR11331,400-799,840.0
KR11328,400-799,840.0
KH5623A,400-799,840.0
KH6467A,400-799,840.0
KH6508A,400-799,840.0
KR8808,400-799,840.0
KH6469A,400-799,840.0
KH6470A,400-799,840.0
KH6471A,400-799,840.0
KR9798,400-799,840.0
KR11217,400-799,840.0
KH5701A,400-799,840.0
KH5580A,400-799,840.0
AM5031A,400-799,840.0
KR8799,400-799,840.0
KR10372,400-799,840.0
KR8792,400-799,840.0
KH5702A,400-799,840.0
KR9531,400-799,840.0
KR9793,400-799,840.0
KR9532X,400-799,840.0
KR8781,400-799,840.0
KH6603W,400-799,840.0
KR9580,400-799,840.0
KR9573,400-799,840.0
KH5310A,400-799,840.0
KR9571,400-799,840.0
AM5024A,400-799,840.0
0216HT09,400-799,840.0
KH6607W,400-799,840.0
KR9509,400-799,840.0
0714T31,400-799,840.0
KR7988,400-799,840.0
KR9537,400-799,840.0
KR9534X,400-799,840.0
0216HT15,400-799,840.0
KR9527,400-799,840.0
KH6448A,400-799,870.0
KR11057,400-799,870.0
CT47,800-1199,870.0
KH6430A,400-799,870.0
KR11203,400-799,870.0
MK1694A,400-799,870.0
0714T58,800-1199,870.0
KR8830,800-1199,870.0
KR8832,400-799,870.0
MK1749A,800-1199,870.0
KH5585A,400-799,870.0
KR8815,800-1199,870.0
AM152,400-799,870.0
KR8788X,400-799,870.0
KR10838,400-799,870.0
KH5630A,800-1199,870.0
KH5628A,400-799,870.0
MK1425A,400-799,870.0
MK1406A,400-799,870.0
CT49,800-1199,870.0
KH6473A,400-799,870.0
MK6551,800-1199,870.0
KH6424A,400-799,870.0
KH5488A,800-1199,870.0
KH5622A,400-799,870.0
KR11693,800-1199,870.0
0215T06,400-799,870.0
0319KB304,800-1199,870.0
KR8789,400-799,870.0
0814T13,400-799,870.0
KR8821,800-1199,870.0
MK1629A,800-1199,870.0
KH6246W,400-799,870.0
KH5484A,400-799,870.0
KR11503,800-1199,870.0
KH6449A,400-799,870.0
KR8784,400-799,870.0
0814T18,400-799,870.0
AM150,400-799,870.0
KR8783,400-799,870.0
KR8782X,400-799,870.0
0814T35,800-1199,870.0
KR8914X,800-1199,870.0
AM388,800-1199,870.0
ST02W,800-1199,870.0
KH6450A,400-799,870.0
KR10574,800-1199,870.0
KR9552,800-1199,870.0
KR10848,800-1199,870.0
KH5722A,400-799,870.0
KH6472A,400-799,870.0
KH5584A,400-799,870.0
KH5724A,400-799,870.0
1214T07,400-799,870.0
0814T06,400-799,870.0
0518KB101,800-1199,870.0
JM2276,800-1199,870.0
KR10580,800-1199,870.0
AM383,800-1199,870.0
KR8866,400-799,870.0
KR9598,800-1199,870.0
KR8772,400-799,870.0
MK1432A,800-1199,900.0
KR10576,800-1199,900.0
0319KB01,800-1199,900.0
KH6464A,800-1199,900.0
MK1758A,800-1199,900.0
MK1400A,400-799,900.0
KR11329,800-1199,900.0
0814T08,800-1199,900.0
KH6476A,800-1199,900.0
KR9778,800-1199,900.0
KR9563,800-1199,900.0
KH6479A,400-799,900.0
JM2279,800-1199,900.0
KR11502,800-1199,900.0
MK7061A,800-1199,900.0
KR10818,800-1199,900.0
AM137,400-799,900.0
0518KB102,800-1199,900.0
0814T54,800-1199,900.0
MK6513,800-1199,900.0
KR9532,800-1199,900.0
1216H08,800-1199,900.0
KR10565,800-1199,900.0
914RC09,800-1199,900.0
0814T43,800-1199,900.0
KR9802,800-1199,900.0
GT233C,800-1199,900.0
KR11054,800-1199,900.0
1215W11,800-1199,900.0
MK1507A,800-1199,900.0
KH6466A,800-1199,900.0
KR9605,800-1199,900.0
KH6232W,800-1199,900.0
KR11064,800-1199,900.0
KH6410A,800-1199,900.0
KR10106,800-1199,900.0
KH5300A,800-1199,900.0
MK1396A,800-1199,900.0
AM165,800-1199,900.0
KR11514,800-1199,900.0
ST06W,800-1199,900.0
KR8803X,400-799,900.0
KH6511A,800-1199,900.0
AM344,800-1199,900.0
KH6432A,800-1199,900.0
MK1691A,800-1199,900.0
CK228,400-799,900.0
KR9822,800-1199,900.0
MK1683A,400-799,900.0
KR8586,800-1199,900.0
AM168,800-1199,900.0
KH5302A,800-1199,900.0
KR10525,800-1199,900.0
KR9110X,800-1199,900.0
KH5307A,400-799,900.0
KR9503,800-1199,900.0
KR9514,800-1199,900.0
KR10533,800-1199,900.0
1214RC32,800-1199,900.0
MK1736A,800-1199,900.0
KR8798X,800-1199,900.0
MK1708A,800-1199,900.0
KR9068X,800-1199,900.0
AM296,800-1199,900.0
KR10428,800-1199,900.0
KR8772X,800-1199,900.0
KR8774X,400-799,900.0
KR8862,800-1199,900.0
KH5711A,800-1199,900.0
KR8912X,800-1199,900.0
KH5707A,400-799,900.0
KH5706A,400-799,900.0
KR10470,800-1199,900.0
ST21W,800-1199,900.0
KH6591W,800-1199,900.0
AM298,800-1199,900.0
KH5631A,800-1199,900.0
ST01W,800-1199,900.0
KR8798,800-1199,900.0
KH6452A,800-1199,930.0
KR9528,800-1199,930.0
KR9508,800-1199,930.0
MK1751A,800-1199,930.0
KH5306A,800-1199,930.0
KR9111X,800-1199,930.0
0416W03,800-1199,930.0
KR10419,800-1199,930.0
KH5304A,800-1199,930.0
KR9065X,800-1199,930.0
KR9583,800-1199,930.0
0714T57,800-1199,930.0
KR8776X,800-1199,930.0
KH6494A,800-1199,930.0
MK1765A,800-1199,930.0
MK1760A,800-1199,930.0
JM2275,800-1199,930.0
JM2277,800-1199,930.0
MK1549A,800-1199,930.0
0714T26,800-1199,930.0
CK224,800-1199,930.0
KR9557,800-1199,930.0
KH6403SEN,800-1199,930.0
KH5729A,800-1199,930.0
KH6486A,800-1199,930.0
0814T44,800-1199,930.0
MK1667A,800-1199,930.0
KH5486A,800-1199,930.0
914RC06,800-1199,930.0
MK1675A,800-1199,930.0
KH6498A,800-1199,930.0
MK6522,800-1199,930.0
KR10843,800-1199,930.0
KR8800,800-1199,930.0
KH5301A,800-1199,930.0
AM132,800-1199,930.0
KR11063,800-1199,930.0
MK6510,800-1199,930.0
MK6547,800-1199,930.0
KR8848,800-1199,930.0
KH6422A,800-1199,930.0
KH5708A,800-1199,930.0
MK1752A,800-1199,930.0
KR11051,800-1199,930.0
KR10846,800-1199,960.0
KH6480A,800-1199,960.0
KR11501,800-1199,960.0
KH6477A,800-1199,960.0
KH6243W,800-1199,960.0
KH6474A,800-1199,960.0
KR10482,800-1199,960.0
KH6440A,800-1199,960.0
KR11684,800-1199,960.0
KH6240W,800-1199,960.0
KH5733A,800-1199,960.0
KH5713A,800-1199,960.0
KR11698,800-1199,960.0
KR10839,800-1199,960.0
0814T58,800-1199,960.0
KH5723A,800-1199,960.0
KR11296,800-1199,960.0
KR8685,800-1199,960.0
0814T57,800-1199,960.0
KH5600A,800-1199,960.0
0814T10,800-1199,960.0
KH6217W,800-1199,960.0
KR10418,800-1199,960.0
KH6216W,800-1199,960.0
KH6219W,800-1199,960.0
KR11221,800-1199,960.0
0814T19,800-1199,960.0
KH5594A,800-1199,960.0
KR11295,800-1199,960.0
KH6588W,800-1199,960.0
KR10824,800-1199,960.0
KH5598A,800-1199,960.0
KH6433A,800-1199,960.0
KR11326,800-1199,960.0
KR9627,800-1199,960.0
KR11325,800-1199,960.0
KH6445A,800-1199,960.0
KR9112X,800-1199,960.0
914RC18,800-1199,960.0
KH5290A,800-1199,960.0
0319KB04,800-1199,960.0
0714T54,800-1199,960.0
ST20W,800-1199,960.0
MK1524A,800-1199,960.0
0319KB303,800-1199,960.0
0714T46,800-1199,960.0
0316A103,800-1199,960.0
KR9826,800-1199,960.0
MK7048A,800-1199,960.0
KR9546,800-1199,960.0
MK1428A,800-1199,960.0
CK210,800-1199,960.0
0714T27,800-1199,960.0
KH5699A,800-1199,960.0
0416A108,800-1199,960.0
KH5737A,800-1199,960.0
KH6500A,800-1199,960.0
0319KB101,800-1199,960.0
914RC14,800-1199,960.0
AM346,800-1199,960.0
ST07X,800-1199,960.0
0814T09,800-1199,960.0
AM276,800-1199,960.0
KR9560,800-1199,960.0
MK1537A,800-1199,960.0
DC4498,800-1199,960.0
914RC08,800-1199,960.0
MK1434A,800-1199,960.0
KR10566,800-1199,990.0
KR10542,800-1199,990.0
KH5698A,800-1199,990.0
AM158,800-1199,990.0
KH6497A,800-1199,990.0
KH6488A,800-1199,990.0
MK1476A,800-1199,990.0
KH6453A,800-1199,990.0
KH6421A,800-1199,990.0
ST03W,800-1199,990.0
CK208,800-1199,990.0
AM5182WW,800-1199,990.0
KH6242W,800-1199,990.0
0814T59,800-1199,990.0
KH5731A,800-1199,990.0
MK1653A,800-1199,990.0
KH6423A,800-1199,990.0
KH5305A,800-1199,990.0
KH6235W,800-1199,990.0
KR8833,800-1199,990.0
KR9505,800-1199,990.0
KH6271W,800-1199,990.0
KR8831,800-1199,990.0
KR10465,800-1199,990.0
KH5303A,800-1199,990.0
KH6502A,800-1199,990.0
0714T55,800-1199,990.0
KR10475,800-1199,990.0
KR10586,800-1199,990.0
KH5714A,800-1199,990.0
MK7053A,800-1199,990.0
MK1488A,800-1199,990.0
KR10571,800-1199,990.0
AM385,800-1199,990.0
MK1445A,800-1199,990.0
AM270,800-1199,990.0
MK1738A,800-1199,990.0
KR9531X,800-1199,990.0
KR10830,800-1199,990.0
KR11703,800-1199,990.0
MK1762A,800-1199,990.0
KH6438A,800-1199,990.0
KR10827,800-1199,990.0
KH6441A,800-1199,990.0
KH5286A,800-1199,990.0
GT225C,800-1199,990.0
KH5838AW,800-1199,990.0
KR9518,800-1199,990.0
0714T29,800-1199,990.0
KH6269W,800-1199,990.0
MK1734A,800-1199,990.0
KH6435A,800-1199,990.0
KR11265,800-1199,990.0
KH6265W,800-1199,990.0
0714T01,800-1199,990.0
KR9579,800-1199,990.0
0714T21,800-1199,990.0
0814T56,800-1199,990.0
0814T14,800-1199,990.0
KH6446A,800-1199,990.0
JM2257,800-1199,990.0
KR10404,800-1199,990.0
KH6499A,800-1199,990.0
MK1761A,800-1199,990.0
KR9633,800-1199,990.0
0714T06,800-1199,990.0
1216H06,800-1199,990.0
0319KB204,800-1199,990.0
0814T42,800-1199,990.0
1216H05,800-1199,990.0
MK1429A,800-1199,1020.0
KH5730A,800-1199,1020.0
MK1411A,800-1199,1020.0
KR11689,800-1199,1020.0
GT228,800-1199,1020.0
GT226,800-1199,1020.0
MK1678A,800-1199,1020.0
KR10100,800-1199,1020.0
GT229C,800-1199,1020.0
KR11700,800-1199,1020.0
MK1725A,800-1199,1020.0
GT214B,800-1199,1020.0
0316A105,800-1199,1020.0
MK1729A,800-1199,1020.0
0814T05_,800-1199,1020.0
KR10836,800-1199,1020.0
0916C309,800-1199,1020.0
KR9516,800-1199,1020.0
0714T39,800-1199,1020.0
0714T28,800-1199,1020.0
KH5840AW,800-1199,1020.0
KH5314A,800-1199,1020.0
KH5855AW,800-1199,1020.0
KR10473,800-1199,1020.0
MK1742A,800-1199,1020.0
KR10095,800-1199,1020.0
KR8775,800-1199,1020.0
KH6415A,800-1199,1020.0
MK1498A,800-1199,1020.0
KR8864,800-1199,1020.0
KH5831AW,800-1199,1020.0
MK1731A,800-1199,1020.0
KR11334,800-1199,1020.0
0316W07X,800-1199,1020.0
GT208A,800-1199,1020.0
KR8784X,800-1199,1020.0
KR10120,800-1199,1020.0
AM368,800-1199,1020.0
MK1520A,800-1199,1020.0
KH6402SEN,800-1199,1020.0
KR9635,800-1199,1020.0
KH5597A,800-1199,1020.0
KH5599A,800-1199,1020.0
AM134,800-1199,1020.0
KH6389SEN,800-1199,1020.0
GT204A,800-1199,1020.0
KH6409A,800-1199,1020.0
JM2272,800-1199,1020.0
KR11687,800-1199,1050.0
MK1730A,800-1199,1050.0
MK1602A,800-1199,1050.0
MK1685A,800-1199,1050.0
KR8820,800-1199,1050.0
0316A107,800-1199,1050.0
KH6493A,800-1199,1050.0
KR11694,800-1199,1050.0
AM365,800-1199,1050.0
0916C308,800-1199,1050.0
MK7062A,800-1199,1050.0
KH6501A,800-1199,1050.0
0714T48,800-1199,1050.0
KR11699,800-1199,1050.0
KR11303,800-1199,1050.0
MK6540,800-1199,1050.0
KR8843,800-1199,1050.0
KR8840,800-1199,1050.0
KR11512,800-1199,1050.0
KH5595A,800-1199,1050.0
KR8807,800-1199,1050.0
MK1474A,800-1199,1050.0
0714T60,800-1199,1050.0
KR11685,800-1199,1050.0
KH6411A,800-1199,1050.0
MK1706A,800-1199,1050.0
KH6414A,800-1199,1050.0
KR10529,800-1199,1050.0
MK1553A,800-1199,1050.0
KH6267W,800-1199,1050.0
KH6447A,800-1199,1050.0
GT221B,800-1199,1050.0
MK1580A,800-1199,1050.0
MK1538A,800-1199,1050.0
KH6434A,800-1199,1050.0
KH6394SEN,800-1199,1050.0
MK1672A,800-1199,1050.0
MK1540A,800-1199,1050.0
CK127,800-1199,1050.0
MK1566A,800-1199,1050.0
MK1494A,800-1199,1050.0
KH6443A,800-1199,1050.0
KR10544,800-1199,1050.0
GT243W,800-1199,1050.0
GT242W,800-1199,1050.0
KR9821,800-1199,1050.0
MK1659A,800-1199,1050.0
KH6444A,800-1199,1050.0
KH6241W,800-1199,1050.0
KH6417A,800-1199,1050.0
MK1726A,800-1199,1050.0
MK1733A,800-1199,1050.0
KR11300,800-1199,1080.0
GT224C,800-1199,1080.0
KH6400SEN,800-1199,1080.0
KR10105,800-1199,1080.0
0814T03,800-1199,1080.0
KH5312A,800-1199,1080.0
GT213A,800-1199,1080.0
KH5854AW,800-1199,1080.0
MK1664A,800-1199,1080.0
MK1486A,800-1199,1080.0
KR11327,800-1199,1080.0
KR10090,800-1199,1080.0
0319KB102,800-1199,1080.0
AM5183WW,800-1199,1080.0
914RC10,800-1199,1080.0
KR9818,800-1199,1080.0
KR11304,800-1199,1080.0
KR10405,800-1199,1080.0
KR9779,800-1199,1080.0
AM268,800-1199,1080.0
KR11330,800-1199,1080.0
KH6244W,800-1199,1080.0
MK1385A,800-1199,1080.0
KH6463A,800-1199,1080.0
0714T25,800-1199,1080.0
1214T11,800-1199,1080.0
0518KB104,800-1199,1080.0
KR11201,800-1199,1080.0
0416C306,800-1199,1080.0
AM5012A,800-1199,1080.0
KR8776,800-1199,1080.0
GT209A,800-1199,1080.0
KH6437A,800-1199,1080.0
AM5161WA,800-1199,1080.0
MK1699A,800-1199,1080.0
KR10441,800-1199,1080.0
MK1440A,800-1199,1080.0
GT231C,800-1199,1080.0
0714T30,800-1199,1080.0
MK1403A,800-1199,1080.0
KR11513,800-1199,1080.0
MK1397A,800-1199,1080.0
MK1395A,800-1199,1080.0
MK1392A,800-1199,1080.0
MK1435A,800-1199,1080.0
0416C302,800-1199,1080.0
0416A106,800-1199,1080.0
0815W01,800-1199,1080.0
MK1511A,800-1199,1080.0
MK1519A,800-1199,1080.0
AM301,800-1199,1080.0
GT207A,800-1199,1080.0
AM297,800-1199,1080.0
KR8804,800-1199,1080.0
KH5596A,800-1199,1080.0
KR10582,800-1199,1080.0
0216HT16,800-1199,1080.0
MK1475A,800-1199,1080.0
1214RC30,800-1199,1080.0
0319KB201,800-1199,1110.0
KH5287A,800-1199,1110.0
MK7064A,800-1199,1110.0
KH5735A,800-1199,1110.0
MK1766A,800-1199,1110.0
MK1413A,800-1199,1110.0
MK6543,800-1199,1110.0
MK1430A,800-1199,1110.0
KR11336,800-1199,1110.0
MK1386A,800-1199,1110.0
MK6530,800-1199,1110.0
MK1404A,800-1199,1110.0
KH5289A,800-1199,1110.0
KH5297A,800-1199,1110.0
KR10424,800-1199,1110.0
GT238W,800-1199,1110.0
KR11333,800-1199,1110.0
KR9530,800-1199,1110.0
AM648,800-1199,1110.0
KR11338,800-1199,1110.0
JM2256,800-1199,1110.0
KH5845AW,800-1199,1110.0
MK1613A,800-1199,1110.0
AM335,800-1199,1110.0
GT220B,800-1199,1110.0
MK1769A,800-1199,1110.0
KH6222W,800-1199,1110.0
GT218B,800-1199,1110.0
KH6270W,800-1199,1110.0
KR10460,800-1199,1110.0
MK1389A,800-1199,1110.0
MK7063A,800-1199,1110.0
MK1654A,800-1199,1110.0
MK1597A,800-1199,1110.0
GT210A,800-1199,1110.0
KR10522,800-1199,1110.0
MK1632A,800-1199,1110.0
0814T12,800-1199,1110.0
KR9520,800-1199,1110.0
KR10532,800-1199,1110.0
AM348,800-1199,1110.0
KR10814,800-1199,1110.0
0714T59,800-1199,1110.0
KH5824AW,800-1199,1140.0
MK1443A,800-1199,1140.0
MK1697A,800-1199,1140.0
0518KB302,800-1199,1140.0
AM625,800-1199,1140.0
KR10455,800-1199,1140.0
KR8774,800-1199,1140.0
MK1666A,800-1199,1140.0
MK1465A,800-1199,1140.0
MK6512,800-1199,1140.0
KR9519,800-1199,1140.0
0216HT23,800-1199,1140.0
MK1449A,800-1199,1140.0
KR11305,800-1199,1140.0
KH6487A,800-1199,1140.0
KH5732A,800-1199,1140.0
KR11319,800-1199,1140.0
MK1461A,800-1199,1140.0
KH6436A,800-1199,1140.0
KR11240,800-1199,1140.0
MK1439A,800-1199,1140.0
GT212A,800-1199,1140.0
KH5848AW,800-1199,1140.0
MK1603A,800-1199,1140.0
AM671,800-1199,1140.0
KR10381,800-1199,1140.0
MK6545,800-1199,1140.0
1215W04,800-1199,1140.0
MK1748A,800-1199,1140.0
KR8773,800-1199,1140.0
KR10102,800-1199,1140.0
KR9044X,800-1199,1140.0
KH6264W,800-1199,1140.0
MK1640A,800-1199,1140.0
0714T02,800-1199,1140.0
KH6268W,800-1199,1140.0
KR10535,800-1199,1140.0
0518KB201,800-1199,1140.0
AM352,800-1199,1140.0
MK6546,800-1199,1140.0
0916C306,800-1199,1140.0
AM304,800-1199,1140.0
GT206A,800-1199,1140.0
KH5618A,800-1199,1140.0
MK6550,800-1199,1140.0
KR11298,800-1199,1140.0
DC4966C,800-1199,1170.0
0814T16,800-1199,1170.0
MK1648A,800-1199,1170.0
KH5736A,800-1199,1170.0
MK7050A,800-1199,1170.0
KR8822,800-1199,1170.0
GT438,800-1199,1170.0
MK7046A,800-1199,1170.0
MK1550A,800-1199,1170.0
KR8823,800-1199,1170.0
AM357,800-1199,1170.0
GT429,800-1199,1170.0
MK1393A,800-1199,1170.0
KR8775X,800-1199,1170.0
MK1662A,800-1199,1170.0
MK7045A,800-1199,1170.0
MK1771A,800-1199,1170.0
MK1732A,800-1199,1170.0
DC4497,800-1199,1170.0
KH5839AW,800-1199,1170.0
0519WW01,800-1199,1170.0
0216HT21,800-1199,1170.0
MK1680A,800-1199,1170.0
MK1607A,800-1199,1170.0
KR10094,800-1199,1170.0
KR11318,800-1199,1170.0
AM5003A,800-1199,1170.0
KR10572,800-1199,1170.0
DC4967C,800-1199,1170.0
KH6183W,800-1199,1170.0
MK1388A,800-1199,1170.0
KH6192W,800-1199,1170.0
KH5858AW,800-1199,1200.0
MK1489A,800-1199,1200.0
MK1513A,800-1199,1200.0
MK1522A,800-1199,1200.0
KH5295A,800-1199,1200.0
MK1387A,800-1199,1200.0
KH6395SEN,800-1199,1200.0
1215A106,800-1199,1200.0
KR11337,800-1199,1200.0
KR9577,800-1199,1200.0
MK1508A,800-1199,1200.0
KR8795,800-1199,1200.0
KH6263W,800-1199,1200.0
MK1535A,800-1199,1200.0
MK1551A,800-1199,1200.0
MK1490A,800-1199,1200.0
MK1518A,800-1199,1200.0
MK1567A,800-1199,1200.0
AM320,800-1199,1200.0
MK1681A,800-1199,1200.0
MK1599A,800-1199,1200.0
MK1739A,800-1199,1200.0
AM382,800-1199,1200.0
KH6408A,800-1199,1200.0
AM5002A,800-1199,1200.0
MK1614A,800-1199,1200.0
AM675,800-1199,1200.0
MK1682A,800-1199,1200.0
KR10537,800-1199,1200.0
MK1720A,800-1199,1200.0
MK1631A,800-1199,1200.0
AM364,800-1199,1200.0
AM644,800-1199,1200.0
KH6416A,800-1199,1200.0
KR10422,800-1199,1200.0
KH6420A,800-1199,1200.0
0416C305,800-1199,1200.0
MK1677A,800-1199,1200.0
MK1394A,800-1199,1230.0
MK1441A,800-1199,1230.0
KR10439,800-1199,1230.0
MK1577A,800-1199,1230.0
KH6492A,800-1199,1230.0
MK1581A,800-1199,1230.0
KH6491A,800-1199,1230.0
AM5048A,800-1199,1230.0
JM2315A,800-1199,1230.0
KR9512,800-1199,1230.0
0319KB02,800-1199,1230.0
AM300,800-1199,1230.0
AM306,800-1199,1230.0
KR9799,800-1199,1230.0
KH6490A,800-1199,1230.0
KR10568,800-1199,1230.0
0815A104,800-1199,1230.0
MK1516A,800-1199,1230.0
KR9781,800-1199,1230.0
KH6507A,800-1199,1230.0
KR8782,800-1199,1230.0
0814T04,800-1199,1230.0
MK1616A,800-1199,1230.0
MK1509A,800-1199,1230.0
KR9502,800-1199,1230.0
0815W05,800-1199,1230.0
1216H04,800-1199,1230.0
MK1510A,800-1199,1230.0
MK1493A,800-1199,1230.0
AM356,800-1199,1230.0
1215W12,800-1199,1230.0
1215W07,800-1199,1230.0
KH5822AW,800-1199,1230.0
MK1610A,800-1199,1230.0
KH6611W,800-1199,1260.0
AM5015A,800-1199,1260.0
KH5587A,800-1199,1260.0
MK1586A,800-1199,1260.0
KH5291A,800-1199,1260.0
AM5011A,800-1199,1260.0
0316C301,800-1199,1260.0
DC4496,800-1199,1260.0
KH5620A,800-1199,1260.0
AM653,800-1199,1260.0
KR8842,800-1199,1260.0
MK1698A,800-1199,1260.0
MK1506A,800-1199,1260.0
0814T02,800-1199,1260.0
MK1633A,800-1199,1260.0
MK6471,800-1199,1260.0
MK6531,800-1199,1260.0
MK1521A,800-1199,1260.0
ST11W,800-1199,1260.0
1215A103,800-1199,1260.0
AM343,800-1199,1260.0
KR10581,800-1199,1260.0
MK6544,800-1199,1260.0
MK1575A,800-1199,1260.0
KR11241,800-1199,1260.0
KH5473A,800-1199,1260.0
MK1687A,800-1199,1260.0
0714T47,800-1199,1260.0
MK1477A,800-1199,1260.0
0815C306,800-1199,1260.0
0814T11,800-1199,1260.0
KR10468,800-1199,1260.0
MK1460A,800-1199,1260.0
MK1679A,800-1199,1260.0
KH6606W,800-1199,1260.0
MK1390A,800-1199,1260.0
MK1485A,800-1199,1260.0
KH6608W,800-1199,1260.0
KH6610W,800-1199,1260.0
MK1572A,800-1199,1260.0
KH5738A,800-1199,1260.0
MK1722A,800-1199,1260.0
MK6491,800-1199,1290.0
0216HT14,1200-1599,1290.0
0316A108,1200-1599,1290.0
KH5844AW,1200-1599,1290.0
KR10117,1200-1599,1290.0
MK1668A,1200-1599,1290.0
GT216B,1200-1599,1290.0
GT217B,1200-1599,1290.0
0815W03,1200-1599,1290.0
MK1482A,1200-1599,1290.0
MK1492A,800-1199,1290.0
MK1466A,1200-1599,1290.0
KH6597W,800-1199,1290.0
KH6398SEN,1200-1599,1290.0
MK1757A,1200-1599,1290.0
GT205A,1200-1599,1290.0
MK6502,1200-1599,1290.0
ST22W,1200-1599,1290.0
AM659,800-1199,1290.0
0815C304,1200-1599,1290.0
MK1764A,800-1199,1290.0
JM2284,1200-1599,1290.0
0316W08X,1200-1599,1290.0
JM2285,800-1199,1290.0
MK1423A,1200-1599,1290.0
AM366,1200-1599,1290.0
KH5299A,1200-1599,1290.0
GT227,1200-1599,1290.0
MK1753A,1200-1599,1290.0
MK1756A,800-1199,1290.0
MK6483,1200-1599,1290.0
KH5298A,800-1199,1290.0
GT235,1200-1599,1290.0
KR9824,1200-1599,1290.0
MK1717A,1200-1599,1290.0
AM277,1200-1599,1320.0
JM2307A,1200-1599,1320.0
MK6548,1200-1599,1320.0
KH5624A,1200-1599,1320.0
KH6509A,1200-1599,1320.0
MK1401A,800-1199,1320.0
KR9825,1200-1599,1320.0
MK1412A,1200-1599,1320.0
MK1462A,1200-1599,1320.0
MK1416A,1200-1599,1320.0
MK1408A,1200-1599,1320.0
MK1399A,800-1199,1320.0
KH6261W,1200-1599,1320.0
GT222B,1200-1599,1320.0
MK1583A,1200-1599,1320.0
GT219B,1200-1599,1320.0
JM2282,1200-1599,1320.0
DC4961C,1200-1599,1320.0
AM273,1200-1599,1320.0
MK1763A,1200-1599,1320.0
MK6473,1200-1599,1320.0
0916C315,1200-1599,1320.0
KH5478A,1200-1599,1320.0
MK1470A,1200-1599,1320.0
MK1655A,1200-1599,1320.0
1215W09,1200-1599,1320.0
MK6472,1200-1599,1320.0
AM380,1200-1599,1320.0
MK6482,1200-1599,1320.0
1215A101,1200-1599,1320.0
AM643,1200-1599,1320.0
KR8827,1200-1599,1320.0
JM2278,1200-1599,1320.0
KR10573,1200-1599,1320.0
MK1695A,1200-1599,1320.0
AM159,1200-1599,1350.0
MK6504,1200-1599,1350.0
MK6476,1200-1599,1350.0
AM657,1200-1599,1350.0
MK6465,1200-1599,1350.0
0916C307,1200-1599,1350.0
MK1754A,1200-1599,1350.0
KR10469,1200-1599,1350.0
MK1701A,1200-1599,1350.0
DC4964C,1200-1599,1350.0
MK1438A,1200-1599,1350.0
AM130,1200-1599,1350.0
1215W06,1200-1599,1350.0
KR9772,1200-1599,1350.0
MK1495A,1200-1599,1350.0
MK1531A,1200-1599,1350.0
GT211A,1200-1599,1350.0
DC4472,1200-1599,1350.0
KH6596W,1200-1599,1350.0
AM5008A,1200-1599,1350.0
MK6498,1200-1599,1350.0
MK6524,1200-1599,1350.0
AM269,1200-1599,1350.0
JM2283,1200-1599,1350.0
MK6537,1200-1599,1350.0
1215W05,1200-1599,1350.0
MK1718A,1200-1599,1350.0
KH6179W,1200-1599,1350.0
ST07W,1200-1599,1350.0
AM138,1200-1599,1350.0
AM654,1200-1599,1350.0
KH6413A,1200-1599,1350.0
MK1623A,1200-1599,1350.0
AM135,1200-1599,1350.0
AM342,1200-1599,1350.0
MK1545A,1200-1599,1350.0
AM5050A,1200-1599,1350.0
AM329,1200-1599,1380.0
MK1727A,1200-1599,1380.0
MK1728A,1200-1599,1380.0
KH5625A,1200-1599,1380.0
MK1579A,1200-1599,1380.0
MK1458A,1200-1599,1380.0
MK1755A,1200-1599,1380.0
MK1503A,1200-1599,1380.0
JM2281,1200-1599,1380.0
DC4960C,1200-1599,1380.0
MK1499A,1200-1599,1380.0
MK7057A,1200-1599,1380.0
AM141,1200-1599,1380.0
MK1463A,1200-1599,1380.0
MK6538,1200-1599,1380.0
KR9780,1200-1599,1380.0
0416A105,1200-1599,1380.0
0519WW02,1200-1599,1380.0
KH5829AW,1200-1599,1380.0
MK1529A,1200-1599,1380.0
MK1746A,1200-1599,1380.0
MK1741A,1200-1599,1380.0
KH6213W,1200-1599,1380.0
MK1525A,1200-1599,1380.0
DC4965C,1200-1599,1380.0
MK1573A,1200-1599,1380.0
KR9812,1200-1599,1380.0
MK1590A,1200-1599,1380.0
MK1530A,1200-1599,1380.0
MK1772A,1200-1599,1380.0
AM624,1200-1599,1380.0
MK1565A,1200-1599,1380.0
MK6462,1200-1599,1410.0
MK7047A,1200-1599,1410.0
MK6464,1200-1599,1410.0
MK1744A,1200-1599,1410.0
MK1735A,1200-1599,1410.0
AM392,1200-1599,1410.0
KR10385,1200-1599,1410.0
KH6392SEN,1200-1599,1410.0
KH6504A,1200-1599,1410.0
MK6477,1200-1599,1410.0
MK1625A,1200-1599,1410.0
KH5474A,1200-1599,1410.0
MK6479,1200-1599,1410.0
MK1501A,1200-1599,1410.0
KH6419A,1200-1599,1410.0
KH6482A,1200-1599,1410.0
MK1436A,1200-1599,1410.0
KH6483A,1200-1599,1410.0
KH6177W,1200-1599,1410.0
KH5480A,1200-1599,1410.0
KR11701,1200-1599,1410.0
MK1737A,1200-1599,1410.0
1214T05,1200-1599,1410.0
MK1496A,1200-1599,1410.0
KH6484A,1200-1599,1410.0
0815W08,1200-1599,1440.0
MK1548A,1200-1599,1440.0
0416A107,1200-1599,1440.0
MK6527,1200-1599,1440.0
MK6468,1200-1599,1440.0
MK6525,1200-1599,1440.0
AM274,1200-1599,1440.0
0518KB304,1200-1599,1440.0
MK1592A,1200-1599,1440.0
MK1468A,1200-1599,1440.0
AM5168WB,1200-1599,1440.0
0518KB203,1200-1599,1440.0
KH5471A,1200-1599,1440.0
MK1480A,1200-1599,1440.0
AM5009A,1200-1599,1440.0
MK6460,1200-1599,1440.0
MK1459A,1200-1599,1440.0
0216HT11,1200-1599,1440.0
MK1688A,1200-1599,1440.0
MK1641A,1200-1599,1470.0
MK6552,1200-1599,1470.0
MK6496,1200-1599,1470.0
MK1615A,1200-1599,1470.0
MK1647A,1200-1599,1470.0
MK6541,1200-1599,1470.0
MK1639A,1200-1599,1470.0
MK1716A,1200-1599,1470.0
MK1539A,1200-1599,1470.0
MK6526,1200-1599,1470.0
MK6518,1200-1599,1470.0
MK6515,1200-1599,1470.0
KH6609W,1200-1599,1470.0
KH5712A,1200-1599,1470.0
AM275,1200-1599,1470.0
KH5826AW,1200-1599,1470.0
KH6176W,1200-1599,1470.0
MK1569A,1200-1599,1470.0
MK6485,1200-1599,1470.0
KH5487A,1200-1599,1470.0
KH6489A,1200-1599,1500.0
AM161,1200-1599,1500.0
MK1541A,1200-1599,1500.0
JM2317A,1200-1599,1500.0
MK1542A,1200-1599,1500.0
KR10467,1200-1599,1500.0
MK1481A,1200-1599,1500.0
KH5481A,1200-1599,1500.0
KR9556,1200-1599,1500.0
JM2319A,1200-1599,1500.0
MK6499,1200-1599,1500.0
MK1405A,1200-1599,1500.0
MK1402A,1200-1599,1500.0
DC4456,1200-1599,1500.0
JM2260,1200-1599,1500.0
AM288,1200-1599,1500.0
KH6388SEN,1200-1599,1500.0
KH6485A,1200-1599,1500.0
AM302,1200-1599,1500.0
MK1715A,1200-1599,1500.0
AM5160WA,1200-1599,1500.0
AM5165WA,1200-1599,1530.0
AM146,1200-1599,1530.0
KH5475A,1200-1599,1530.0
AM5176WC,1200-1599,1530.0
AM5179WC,1200-1599,1530.0
AM5164WA,1200-1599,1530.0
AM5014A,1200-1599,1530.0
MK1669A,1200-1599,1530.0
MK1646A,1200-1599,1530.0
JM2309A,1200-1599,1530.0
AM157,1200-1599,1530.0
KH5828AW,1200-1599,1530.0
AM647,1200-1599,1530.0
AM5169WB,1200-1599,1530.0
AM316,1200-1599,1530.0
0815A103,1200-1599,1530.0
AM5166WB,1200-1599,1560.0
GT430,1200-1599,1560.0
AM272,1200-1599,1560.0
KH6468A,1200-1599,1560.0
AM355,1200-1599,1560.0
MK1515A,1200-1599,1560.0
KH6590W,1200-1599,1560.0
KH6587W,1200-1599,1560.0
AM166,1200-1599,1560.0
MK1431A,1200-1599,1560.0
MK6469,1200-1599,1560.0
MK1417A,1200-1599,1560.0
MK1502A,1200-1599,1560.0
MK6478,1200-1599,1560.0
KH6231W,1200-1599,1590.0
MK1512A,1200-1599,1590.0
MK6474,1200-1599,1590.0
MK6495,1200-1599,1590.0
MK6529,1200-1599,1590.0
KH5851AW,1200-1599,1590.0
KH5716A,1200-1599,1590.0
MK6463,1200-1599,1590.0
MK6461,1200-1599,1590.0
KR9819,1200-1599,1590.0
KH5836AW,1200-1599,1590.0
AM5016A,1200-1599,1620.0
AM5017A,1200-1599,1620.0
KH6589W,1200-1599,1620.0
0916C313,1200-1599,1620.0
MK6494,1200-1599,1620.0
MK1528A,1200-1599,1620.0
MK6490,1200-1599,1620.0
MK6536,1200-1599,1620.0
KH5293A,1200-1599,1620.0
AM5051A,1200-1599,1620.0
1215A108,1200-1599,1620.0
MK6520,1200-1599,1650.0
AM658,1200-1599,1650.0
AM637,1200-1599,1650.0
MK6508,1200-1599,1650.0
MK6519,1200-1599,1650.0
AM351,1200-1599,1650.0
MK6534,1200-1599,1650.0
AM131,1200-1599,1650.0
AM623,1200-1599,1650.0
MK1578A,1200-1599,1650.0
AM169,1200-1599,1650.0
KH6182W,1200-1599,1650.0
AM372,1200-1599,1680.0
KH6495A,1200-1599,1680.0
AM354,1200-1599,1680.0
AM632,1200-1599,1680.0
MK1642A,1200-1599,1680.0
AM628,1200-1599,1680.0
MK1504A,1200-1599,1680.0
KH6178W,1200-1599,1710.0
MK6475,1600-1999,1710.0
AM5028A,1600-1999,1710.0
AM133,1600-1999,1710.0
KH5718A,1600-1999,1710.0
MK6470,1600-1999,1740.0
MK6466,1600-1999,1740.0
MK6501,1600-1999,1740.0
MK6467,1600-1999,1740.0
MK6497,1600-1999,1740.0
MK6480,1600-1999,1740.0
MK6503,1600-1999,1740.0
MK1467A,1600-1999,1740.0
AM358,1600-1999,1770.0
AM287,1600-1999,1770.0
AM5048AA,1600-1999,1770.0
AM5006A,1600-1999,1770.0
KH6181W,1600-1999,1770.0
MK6521,1600-1999,1800.0
MK1424A,1600-1999,1800.0
AM5021A,1600-1999,1800.0
KH6180W,1600-1999,1830.0
DC4489,1600-1999,1830.0
MK1426A,1600-1999,1860.0
MK6539,1600-1999,1860.0
0814T07,1600-1999,1890.0
MK1609A,1600-1999,1920.0
AM160,1600-1999,
AM167,1600-1999,
AM333,1600-1999,
